"author","date","text"
"Min jeong Kim","2년 전","서버분이 엄청 친절하시고 음식은 무난했어요. 치즈케잌은 기대 안 했는데 느끼하지도 않고 정말 맛있었습니다!!"
"Jung si","5개월 전","미국판 김밥천국입니다. 모든 메뉴가 고만고만합니다. 양이 꽤많으니 주문시 고려해서 주문하시길 추천합니다"
"JUDY","2년 전","예전에 치즈케잌을 너무 맛있게 먹은 기억이 있어서 또 방문 오리지널과 Reese’s 피넛버터 초코케잌을 주문 피넛버터 초코케잌은 진짜 한입만 먹어도 입이 저릴정도로 달았다ㅋㅋㅋㅋ…"
"Hyun","3년 전","모든 메뉴가 다 큽니다.. 3명이서 시켰다가 다 남김 미국사람들한테 여기 갔다고 하니까 급하게 다른 식당 추천해주더라구여 약간 김밥천국 느낌인지.."
"권기남","1년 전","음식사진을 못 찍었는데 생선까스 샐러드 스파게티 다 맛있어요. 저녁분위기에는 최고👍…"
"송용호","1년 전","여러 음식이 다맛있고 서비스 분위기"
"G","9년 전","치즈케익팩토리 어느 지점을 가든 저는 항상 미트볼 스파게티를 먹어요ㅋㅋ 여기 맛있었는데, 샌프란시스코 다운타운 점이 조금 더 맛있었어요. 치즈케익은 그로브몰이 더 맛있어요!! 너무맛있어! 직원들이 너무 너무 너무 친절해요💕💕💕 치즈케익 먹으러 또 와야징~!~!~!… "
"kyungjin kwon","4년 전","음식 맛은 좋았지만 너무 오래기다려야하고 서비스도 좋은편은 아니었음... "
"조샛별","4년 전","다들 치즈케이크만 맛있다고 해서 걱정했는데 양도 많고 맛있었다ㅎ 쉬림프 파스타 존맛탱"
"toby S","4년 전","치즈케익 칼로리 보고 못먹음.. 까르보나라는 먹지마세여 비주얼이 어휴.. stuffed mushroom beet and avocado salad 추천이여 "
"Kyungmo Jae","8개월 전","치즈케이크 진짜 맛있는데 주말에 앉을 자리가 없어요ㅜㅜ"
"sy H","6년 전","미국여행 중 유일하게 두번 방문한 곳이에여 ㅎㅎ 브런치로 딱!"
"Brenda Kim","1년 전","소문 보다는 맛이 그냥 그랬어요. 양은 엄청 많은데 맛은 그저그래서 남은거 싸 가려하니 직원들의 서비스가 너무 좋아서 고맙더라구요. 좋은 분위기 서비스 다 좋은데 음식도 더 맛있었으면 좋았겠다는 아쉬움이 있었습니다."
"JW Yang","1년 전","파마스 마켓 안에 있고, 주말이라 사람들이 엄청 많았어요 하지만 워낙 큰 레스토랑이라.. 음식은 양도 많고 무난해요…"
"NaRa KIM","6년 전","사람이 넘 많아서 대기도 해야하고 시끄러운게 흠이지만.. 미국식 패밀리 레스토랑 느낌이다. 케이크 종류 많은데 배불러서 한종류 밖에 못먹어서 아쉽다. 파스타 등 음식 모두 꾸덕하니 살찌는 맛 ㅎㅎ"
"정명모","2년 전","치즈케익, 당근, 초코케익을 맛보니, 케익의 찰기가 달콤한 맛으로 풍미가 더해집니다. 조각케익이 12~ 17 달러 정도입니다."
"하종인","7년 전","오리지날 치즈케익 개맛있음 길라델리초코맛은 별로였음. 다만 겁나 헤비한 맛이라 점심에 치즈케익 한조각에 커피마시면 저녁에도 배가 안고픔"
"LQQKATME","7년 전","미국에서 먹은것중에 그나마 맛있었다.... 그래도 전체적으로 좀 짭다 샐러드도 짭다 그래도 꼭 시켜야한다 친절한 스탭들은 좋움"
"윤홍국 (Hongkug yun)","9개월 전","그냥 좀 달아요 훅 ~가는 맛은 아니고 그냥 맛있는 정도"
"Jonathan Kim","6년 전","미국에 사는 친구와 여기서 저녁을 먹었죠^^ 분위기도 좋고 사람도 많고 좀 이른시간에 갈 것을 추천드려요."
"WOOCHEOL KIM","3년 전","패밀리 식당으로 추천합니다. 음식값도 매우 적당하고 서비스"
"메란","7년 전","JMT 양도 너무많고 친절쓰 "
"sumi kim","7년 전","식당도 넓고 음식도 정말 맛있었어요 ㅜㅜ 케익은 배불러서 포장해서 숙소에서 먹었는데 캬... 이거먹으러 또 미국가고싶어요..."
"RivailsLogan","7년 전","분위기 좋고 맛도 좋고"
"S Cho","6년 전","제발 한국에 지점 좀 내주세요 레스토랑이 힘들면 케이크라도 팔아주세요 ㅠㅠ 팝업스토어라도 자주 좀 열어주세요 ㅠ ㅠ"
"Rachel Kim","1년 전","아웃백 같음. 파스타 생각보다 훨씬 맛있고 양도 많음"
"조원준","1년 전","웨이팅 시스템이 체계적이지 않고 직원들이 불친절합니다"
"Guihyun Baek","7년 전","대기시간이길지만 번화가려니 이해함 맛있음"
"JIEUN LEE","7년 전","양이 진짜 많고 맛있네요~ 분위기도 좋습니다. 추천"
"Paul Kim","7년 전","식당 인테리어두 좋고 음식 맛도 좋고 서빙도 잘 하네요. "
"더 그레이먹구","7년 전","양 진짜 많습니다. 요즘 한국에 맛있는 곳이 많이생겨서 메리트는... ?"
"강","2년 전","맛있었어요 근데 양이 정말 많아요!"
"Jeff Cho","8년 전","진짜 맛있고 전형적인 미국 식당 분위기예요 "
"Jui Son","10년 전","미쿸에 왔으면 치즈케이크팩토리에 가야져ㅋㅋㅋ 새우슈프림파스타였나 참 맛있음 치즈케이크도 참 미쿸스럽게 달고 맛있음ㅋ"
"핑크팬더PinkPanther","10년 전","양많고 맛있다. 올때마다 과잉친절"
"오 브라더스[O Brother's]","7년 전","맛의 여운~ "
"이가영","8년 전","케이크는 둘이서 하나만 먹는걸로..."
"Eric Kwon","8년 전","일반적인 패밀리레스토랑, 가짓수 많은거 외엔....."
"Jeremy Park (Uncle cheese)","3년 전","원래 알던 맥도날드의.맛"
"Soongil Choe","4년 전","맛있지만 좀 비싸네"
"Yejin Han","7년 전","잠발라야 파스타 별로임 "
"Jaiho Lee","7년 전","맛있네요"
"Teddy Shin","7년 전","사람이 많음"
"MH RYU","6년 전","미국판 서가앤쿡"
"황영민","7년 전","한국인 입맛엔..."
"채상현","7년 전","맛있어요"
"박성훈","7년 전","LA백화점 맛집"
"황보승우","7년 전","굳굳이요!"
"Na Yoon Park","8년 전","최고!!"
"한도운","3개월 전","디저트만 먹었는데 진하고 시트가 없으니 케이크 먹는 느낌보다는 진한 페이스트나 커드 먹는 느낌이에요. 다른 분들 파스타 시키는거 보니 양이 2인분 정도 되는데 너무 많고 비싸요."
"김재환","7개월 전","웨이팅을 위한 웨이팅 시간이 꽤 됐어요. 웨이팅은 한 15분 내에 끝낸듯. 카운터 직원은 완전 불친절했어요. 이름 들이대면서 들이받아야 겨우 응대해주는 정도... 담당 서버는 친절했어요. 덕분에"
"BORAM NAMGOONG","1년 전","치즈케이크 팩토리에서 언급하신 메뉴들에 대해 자세히 알려드리겠습니다. 1. 루이지애나 치킨 파스타 (Louisiana Chicken Pasta)…"
"hyunjun kim","1년 전","가볍게 들어갔다가 배가 고파서 식사까지 하고 왔어요. 양도 정말 많고 미국음식이 제 입에는 짠 편이라 싱겁게 해달라고 하니 그래도 덜 짜게 나와서 맛있게 먹었어요. 디저트 먹으러 갔다가 예상치 못하게 식사가 무척 맛있었어요."
"Mariebelle","1년 전","늘 사람들이 줄을 많이 서 있어서 궁금했는데, 오늘 가보니 알 것 같아요. 맛도 좋고, 가격도 상대적으로 좋은 것 같아요. 건강식, 다이어트에 도움되는 메뉴도 있고, 당연히 살찌는 고칼로리 치즈케이크도 있구요. 메뉴가 다양해서 좋고, 친절해서 좋았어ㅛ."
"치즈","10개월 전","치즈케이크는 워낙 유명하고, 식사류를 주문하는 것도 괜찮았습니다. 한 자리에서 음식과 디저트를 모두 즐길 수 있다는 점이 좋았습니다. 테라스 자리를 안내받아 그로브몰 풍경을 보며 식사할 수 있었는데, 매우 인상 깊은 경험이었습니다."
"Janice","2년 전","혼자 식사를 했음에도 웨이터의 배려로 덜 시끄러운 자리에서 편안하게 즐거운 식사를 이어갈 수 있었습니다. 특히나 루이지애나 치킨 파스타의 치킨은 적당히 짜고 시즈닝이 잘 베어있어서 너무나 맛나게 먹었네요. 디저트로 먹은 코코넛 치즈 케이크도 아주 크리미하고 코코넛 특유의 향과 맛이 깊게 들어가 있어서 추천하고 싶습니다!"
"ParkPark","2년 전","12.16.23 초보 웨이터 로 인해…"
"강준석","9개월 전","주차는 grove 는 1시간에 5달러, 옆에 파머스마켓은 15분에 3.5달러입니다 음식은 양조절 실패해서 남긴거"
"naomi","8년 전","일반적인 파스타와 스테이크 맛이지만 분위기가 좋고 서빙하는 직원들이 매우 친절하고 자상했다. 음식의 재료가 신선한 느낌이고 양도 매우 많았다. 남은 음식을"
"Lina Joo","4년 전","샌프란시스코는 비많이 온다고들었는데 날씨가 좋아서 밖에서 먹음. 다른 음식 레스토랑과 비슷함. 평범하였는데 스테끼는 미디엄말고 미디엄레어가 먹어 보고싶어졌음. 샐러드도 맛있었고 파스타도 괜찮았는데 치즈케익이 맛있었음(별추가)…"
"Zoey Kim","5년 전","가성비 패밀리레스토랑 저녁시간에는 대기가 길기 때문에 예약을 추천 (예약을 해도 대기가 있음...ㅎㅎ)…"
"mi ran sang","4년 전","잠발라야 파스타 그냥 그래요...직원한테 치즈 케익 추천 받아서 먹었는데 무지하게 느끼하고 다네요ㅋㅋㅋ 부드러운 치즈 케익 맛이예요. 딸기는 아주 시어요. 깜놀. 직원분 엄청 친절합니다."
"YennaPPa (Luscious.K)","6년 전","#기대를 말자! 현재 미국 패밀리 레스토랑 중에 가장 유명한 곳 중에 하나가 일 것 같습니다…"
"Korean Pig","4년 전","저는 원래 치즈케익팩토리를 좋아하는데요 이 지점은 그렇게 맛있진 않았어요. 사실 체인점 특성상 요리 퀄리티가 다 비슷하지만 유독 여기는 신선하고 따뜻하고 맛있는 맛이라기 보단 그냥 잘 조리된 맛. 그리고 정말 지점이 큰데 그만큼 사람을 벌떼처럼 집어넣어요. 좋은 자리가 걸린다면 뷰도 좋고 먹을만할 것 같은데 정말 답답하고 어두운 실내에 사람을 넣을 수 있는 만큼 넣어놔서 시끄럽고 먹고 나오먄 왠지 진이 빠지는 느낌이었어요 ㅠㅠ"